[
    {
        "label": "name",
        "type": "var",
        "value": "'Ola Mundo!'"
    },{
      
        "label": "number",
        "type": "var",
        "value": "45"
    },{
      
        "label": "number2",
        "type": "int",
        "value": "45"
    },
    {
        "label": "Ismael Clever",
        "type": "text",
        "value": {
            "label": "show",
            "type": "internalFunction",
            "value": "'Ismael Clever'"
        }
    },
    {
        "label": "show",
        "type": "internalFunction",
        "value": "number + number2"
    },
    {
        "label": "show",
        "type": "internalFunction",
        "value": "name"
    },
    {
        "label": "name",
        "type": "var",
        "value": {
            "label": "show",
            "type": "internalFunction",
            "value": "'Clever Clever'"
        }
    }
]