[
    {
        "label": "Ismael Clever",
        "type": "text",
        "value": {
            "label": "show",
            "type": "internalFunction",
            "value": "'Ismael Clever'"
            
        }
    },
    {
            "label": "show",
            "type": "internalFunction",
            "value": "'Ismael Clever'"
            
        },
    
    {
        "label": "name",
        "type": "var",
        "value": {
            "label": "show",
            "type": "internalFunction",
            "value": "'Clever Clever'"
            
        }
    }
]